company_number,company_name,postcode,source_vendor_record_id,source_vendor_name_variant,match_score
15162439,BACINO LTD.,E20 1FZ,1,Bacino Ltd.,100.0
12713591,AEROCRAFT BEVERAGES LIMITED,CM7 3QS,2,  AEROCRAFT BEVERAGES LIMITED  ,100.0
15675558,BIANKO LTD,M28 1AF,3,BIANKO LTD,100.0
15532049,BALLION TEQUILA LTD.,W1H 1PJ,4,  Ballion Tequila Ltd.  ,100.0
SC842095,BEARSAREBACKONTOP25 LIMITED,G31 1NG,5,BEARSAREBACKONTOP25 LIMITED,100.0
14817197,AIA FAMILY LTD,L15 4LG,6,Aia Family Ltd,100.0
17335031,BELLEZA COLLECTIVE LTD,GL55 6NX,7,BELLEZA COLLECTIVE LTD,100.0
09262509,ASK DRINKS LTD,BL4 7AH,8,ASK DRINKS LTD,100.0
03802254,BARN DIRECT LIMITED,S64 9JB,9,  Barn Direct Limited  ,100.0
07837036,BATCH BREW LTD,BB11 5BS,10,Batch Brew Ltd,100.0
16984806,AMIYA SPIRITS LIMITED,SW20 9DW,11,Amiya Spirits Ltd,100.0
SC761439,BLACKNESS BAY DISTILLERY LTD,EH49 7NL,12,Blackness Bay Distillery Ltd,100.0
13577952,BIBI’S GROCERY LTD,LU4 9JU,13,BIBI’S GROCERY LTD,100.0
15963581,69 DRINKS CO. LTD,DN22 8RW,14,69 Drinks Co Ltd,96.96969696969695
12565476,BOLLEY BREWING & DISTILLATION LTD,LE18 3SN,15,BOLLEY BREWING & DISTILLATION LTD,100.0
16210726,ACH VENTURES LTD,EC1V 2NX,16,ACH VENTURES LTD,100.0
16210624,BAJAN1642 LTD,W3 8UH,17,Bajan1642 Ltd,100.0
06068619,ADP WINES LTD,MK18 3JW,18,DDP WINES LTD,92.3076923076923
11778423,BIB NOODLE BAR LIMITED,CV3 2AZ,19,BIB NOODLE BAR LTD,100.0
15418587,BEEF & BASS (CHELSEA) LIMITED,N3 2FG,20,Beef & Bass (Chelsea) Limited,100.0
12964705,BARRY ISLAND SPIRITS CO LIMITED,CF62 5DZ,21,BARRY ISLAND SPIRITS CO LTD,100.0
15744684,BH BEERS LIMITED,HD3 4JN,22,Bh Beers Ltd,100.0
15866231,BATCH BREWERY LIMITED,DT7 3LW,23,BATCH BREWERY LIMITEJ,84.21052631578947
11846880,BERNIE INVESTMENTS LIMITED,EX2 8PW,24,Bernie Investments Limited,100.0
03074657,BEER BARRELS & MINERALS (WALES) LIMITED,CF32 9TX,25,BEER BARRELS & MINERALS (WALES) LIMITED,100.0
11790742,BALLERS BRANDS LTD,SS4 3JN,26,BALLERS BRANDS LTD,100.0
12559646,AMITY BREW CO LIMITED,LS28 5UJ,27,Amity Brew Co Limited,100.0
10379989,ALE FINANCE SERVICES LIMITED,EC4A 1EN,28,Ale Finance Services Limited,100.0
SC777597,BENTALLA COWDEN LTD,FK16 6BJ,29,BENTALLA COWDEN LTD,100.0
15301856,ANOTHER DRINK LTD,SE10 0TG,30,ANOTHER DRINK LTD,100.0
16001549,BHAIJI AND SONS LTD,CR7 6HL,32,BhBiji And Sons Ltd,94.73684210526316
03529648,AJC HOMES SCOTLAND LIMITED,W1B 4DE,33,Ajc Homes Scotland Ltd,100.0
16745066,52 DEGREES NORTH BREWING LIMITED,M3 2EN,34,52 DEGREES NORTH BREWING LIMITED,100.0
16710017,BAFAN TRADERS LTD,LE5 0EA,35,Bafan Traders Ltd,100.0
16624111,AGNES FARMHOUSE BREWING LTD,BS27 3LN,36,AGNES FARMHOXSE BREWING LTD,96.2962962962963
16776567,AURA ENTERTAINMENT LTD,B1 2SZ,37,Aura Entertainment Ltd,100.0
09489113,BLACK SHUCK LTD,NR21 9DQ,38,Black Shuck Ltd,100.0
11101402,BONE IDYLL LIMITED,GU10 5LZ,39,Bone Idyll Limited,100.0
01713692,ANTHONY BYRNE FINE WINES LIMITED,PE26 2UR,40,ANTHONY BYRNE FINE WINES LIMITED,100.0
12234341,AZUSPIRITS LTD,EX6 7LX,41,Azuspirits Ltd,100.0
13376975,BAABAA LTD,CF64 5QD,42,BAABAA LTD,100.0
02456802,BEATVILLE LIMITED,SL3 9EG,43,BEATVILLE LIMITED,100.0
10444217,BOOTHTOWN BREWERY CO LTD,WF7 7AB,44,BOOTHTOWN BREWERY PO LTD,87.5
15253100,ADUR DRINKS LIMITED,BN1 6AF,45,Adur Crinks Limited,93.33333333333331
SC785866,BIG G GIN LTD,AB32 6FE,46,Big G Gin Ltd,100.0
02765832,ARUNDEL BREWERY LIMITED,BN17 7QL,47,ARUNDEL BREWERY LIMITED,100.0
16398777,BONBOIS CELLARS LTD,W14 8BE,48,Bonbois Cellars Ltd,100.0
13249673,3MLPN TRADING LTD,WC2H 9JQ,49,  3Mlpn Trading Ltd  ,100.0
16296174,BEER BRITANNIA LIMITED,TW1 1RQ,51,BEER BRITANNIA LIMITED,100.0
17254074,AKR IMPORT EXPORT LTD,MK6 2XS,52,AKR IMPORT EXPORT LTD,100.0
14895578,BEVALA LTD,WC2A 1HR,53,BEVALA LTD,100.0
11452737,BLAKES LANE FARM LIMITED,GU4 7RR,54,Blakes Lane Farm Ltd,100.0
04491796,AUSTRALIAN WINE SERVICES LIMITED,SE26 4NS,55,AUSTRALIAN WINE SERVICES LIMITED,100.0
12570482,BODEGA MOVIL LIMITED,LS21 1FR,57,Bodega Movil Ltd,100.0
16643038,BROOZY LTD,SW18 1EF,58,BROOZY LTD,100.0
10117266,BEACON DOWN WINES LTD,BN7 2FF,59,Beacon Down Wines Ltd,100.0
11841236,A DI MARIA & SONS LTD,CV6 5RE,60,  A DI MARIA & SONS LTD  ,100.0
11193064,BASON BRIDGE BREWING COMPANY LTD,TA9 4RG,61,BASON BRIDGE BREWING COMPANY LTD,100.0
12347361,32 BOROUGHS LTD,HA6 1PQ,62,32 BOROUGHS LTD,100.0
16484543,BATTALION BEERS LTD,S81 0FD,63,BATTALION BEERS LTD,100.0
09374133,3D SHAPIE LIMITED,TW2 6LP,64,3D SHAPIE LIMITED,100.0
04946266,BLACK COUNTRY BREWERY LIMITED,CV5 6ET,65,  Black Country Brewery Ltd  ,100.0
16500821,BARKING CAT BREWING COMPANY LTD.,BH15 1EG,66,Barking Cat Brewing Company Ltd.,100.0
02972516,AUSTRALIAN VINTAGE (UK) LTD,SE1 1LB,67,Australian Vintage (Uk) Ltd,100.0
SC591130,ALISTAIR WALKER WHISKY COMPANY LTD,FK2 8SL,68,ALISTAIR WALKER WHISKY COMPANY LTD,100.0
16906899,ACEO EUROPE LTD,GL18 2BS,69,ACEO EUROPE LTD,100.0
16350770,BETTER SUNDAYS LIMITED,BD20 6RL,70,BETTER SUNDAYS LIMITED,100.0
SC040359,AVONSIDE WHISKY LIMITED,IV30 1JY,71,AVONSIDE WHISKY LIGITED,90.47619047619048
16619669,BLACK OPAL INVESTMENTS LIMITED,RH17 5RR,72,Black Opal Investments Limited,100.0
01652215,BLUEBELL VINEYARD ESTATES LIMITED,HA5 1EB,73,BLUEBELL VINEYARD ESTTTES LIMITED,96.55172413793105
01689532,AMATHUS DRINKS PLC,NW10 7ST,74,AMATHUS DRINKS PLC,100.0
04801602,ASTON JONES LIMITED,CH3 5AR,75,Aston Jones Limited,100.0
16037237,7 BREWERY LTD,PO19 3BS,76,7 BREWERY LTD,100.0
15288314,51 WINES LTD,NN8 3RJ,77,51 Wines Ltd,100.0
11797755,BRISTOL CASH AND CARRY LIMITED,BS34 8JU,78,BRISTOL CASH AND CARRY LIMITED,100.0
16490852,AUTHENTIQUE WINE LTD,TN13 1EU,79,Authentique Wine Ltd,100.0
16667706,BIER BRUCKE GERMAN IMPORTS LIMITED,B77 4RP,80,BIER BRUCKE GERMAN IMPORTS LTD,100.0
SC584275,BORDERS DISTILLING LIMITED,TD9 7AQ,81,Borders Distilling Ltd,100.0
15526994,BD WHALLEY LTD,BB7 9SE,82,BD WHALLEY LTD,100.0
14388212,ALBAMORE LTD,SL6 6EA,83,AYbamore Ltd,91.66666666666666
12342861,29 UNIVERSAL TRADING LIMITED,TW10 5BZ,84,29 UNIVDRSAL TRADING LTD,95.83333333333334
14323355,BLAINE NISSEN VINTNERS LTD,CV21 2PS,85,BLAINE NISSEN VINTNERS LTD,100.0
17103326,BIG FELLA BREWING LTD,RG2 9JH,86,BIG FELLA BREWING LTD,100.0
16362426,APERTURE DRINKS LIMITED,KT1 1AE,87,APERTURE DRINKS LIMITED,100.0
16906640,BELLEVUE STELLENBOSCH LIMITED,BA2 2PP,88,BELLEVUE STELLENBOSCH LTD,100.0
10601688,BLACKENED SUN BREWING COMPANY LIMITED,MK12 6HP,89,Blackened Sun Brewing Company Ltd,100.0
15954834,ASTER XIN TRADING LTD,WC2A 2JR,90,Aster Xin Trading Ltd,100.0
16934232,BELLA CRUZ LIMITED,IP28 7DE,91,BELLA CRUZ LTD,100.0
04600140,BRANSCOMBE VALE BREWERY LIMITED,EX12 3DP,92,BRANSCOMBE VALE BREWERY LIMITED,100.0
15900931,AMIGOS AD VITAM LIMITED,CM20 1YS,93,AMIGOS AD VITAM LIMITED,100.0
12305369,BB18 BREWING CO LTD,BB18 6UN,94,BB18 BREWING CO LTD,100.0
11824366,BIANCA TRADING WINE LTD,CH1 4QL,95,  Bianca Trading Wine Ltd  ,100.0
14457448,APEX BREWERY LIMITED,DT9 4SY,96,APEX BREWERY LTD,100.0
17196816,BRISTOL WINE LTD,BS34 8AP,97,BRISTOL WINE LTD,100.0
08871620,BLAST VINTNERS LTD,EC2A 4NE,98,  BLAST VINTNERS LTD  ,100.0
16748739,AQUA DESTILLATA LTD,RM2 6JH,99,Aqua Destillata Ltd,100.0
00632157,A.H.RACKHAM LIMITED,GU1 1XR,101,A.H.RACKHAM LIMITED,100.0
05629193,BRIGHTON SOFT DRINKS LIMITED,BN27 1DW,102,BRIGHTON SOFT DRINKS LIMITED,100.0
14891220,BARTELS RAWLINGS COMPANY LTD,RH8 0ND,103,BARTELS RAWLINGS COMPANY LTD,100.0
SC789312,BOOZE DIRECT WHOLESALERS LTD,G1 3BJ,104,BOOZE DIRECT WHOLESALERS LFD,96.42857142857144
07133880,BRIDGE HOUSE BREWERY LIMITED,BD16 1PY,105,Bridge House Brewery Ltd,100.0
SC704834,4RTY LTD,ML9 3QU,106,4RTY LTD,100.0
07095615,BIG PENNY LTD,E17 6AL,107,BIG PENNY LTD,100.0
11038318,BIG MOUNTAIN BREWING COMPANY LIMITED,W1W 5PF,108,BIG MOUNTAIN BREWING COMPANY LIMITED,100.0
08738512,BISHOP'S CROOK BREWERY LTD.,PR1 9BX,109,BISHOP'S CROOK BREWERY LTD.,100.0
10783338,ATLANTIC DISTILLERY LTD,TR7 1AD,110,ATLANTIC DISTILLERY LTD,100.0
SC430232,ARRAN BREWERY PLC,KA27 8PZ,111,ARRAN BREWERY PLC,100.0
11880994,ALLSAINTS DISTILLERY LTD,NR34 7RR,112,ALLSAINTS DISTILLERY LTD,100.0
04812482,360 DEGREE BREWING COMPANY LTD,NN6 0QR,113,360 Degree Brewing Company Ltd,100.0
07761569,BROOKS & WHITAKER LIMITED,SE1 3UZ,114,BROOKS & WHITAKER LIMITED,100.0
SC885714,55 DEGREES NORTH COLLECTIVE LTD,EH54 6FP,115,55 DEGREES NORTH COLLECTIVE LTD,100.0
16556012,BILLERICAY BREWERY LIMITED,SS3 9QE,116,Billericay BrPwery Ltd,95.45454545454544
10311471,BIRMINGHAM BREWING COMPANY LIMITED,B30 2PF,117,  BIRMINGHAM BREWING COMPANY LTD  ,100.0
12818480,BARRIQUE FINE WINES LTD,WF5 8ND,118,BARRIQUE FINE WINES LTD,100.0
10892009,ANDYS' ALES LIMITED,B69 2DG,119,ANDYS' ALES LIMITED,100.0
11251839,ATOM DRINKS LIMITED,TN9 1RA,120,ATOM DRINKS LIMITED,100.0
16884351,BCK WINES LTD,WC2H 9JQ,121,BCK WINES LTD,100.0
08810304,AVANTI WINES LTD,W1W 5PF,122,AVANTI WINES LTD,100.0
17152450,23BP LTD,CO2 7JN,123,23Bp Ltd,100.0
15341209,BELIKER LIMITED,EC2A 4NE,124,Beliker Ltd,100.0
17235113,BOFFERDING LIMITED,WD6 1JD,125,BOFFERDINP LIMITED,92.85714285714286
09944016,BANG-ON BREWERY LIMITED,CF31 3TS,126,BANG-ON BREWERY LTD,100.0
15782325,ADAMTHWAITE BROTHERS LTD,SW8 2XT,127,ADAMTHWAITE BROTHERS LTD,100.0
13028104,BRANCH-MADE LTD,BS5 6FL,128,BRANCH-MADE LTD,100.0
14976231,BRANCASTER DRINKS LIMITED,PE31 8AE,129,BRANCASTER DRINKS LIMITED,100.0
15086756,AIFIAN CO LIMITED,KT3 4BY,130,Aifian Co Limited,100.0
16489167,BIRRA DI CESARE LTD,CM8 3NN,131,BIRRA DI CESARE LTD,100.0
11620395,BOUTINOT CANADA LIMITED,SK8 2GG,132,Boutinot Canada Ltd,100.0
14514596,BH WINE LTD,CV7 8EP,133,BH WWNE LTD,90.9090909090909
09952351,ASTIR CIGARS & WINE LTD,KT1 3RT,134,Astir Cigars & Wine Ltd,100.0
03841988,BARMASTER (INDEPENDANT WHOLESALERS) LIMITED,LS27 9LR,135,BARMASTER (INDUPENDANT WHOLESALERS) LIMITED,97.43589743589745
03031863,BILLECART - SALMON (UK) LIMITED,GU21 4SU,136,Billecart - Salmon (Uk) Ltd,100.0
NI016879,ANJO WINES LIMITED,BT35 7JJ,137,ANJO WINES LIMITED,100.0
SC563425,AYRSHIRE CRAFT DISTILLERS LTD,KA18 2NJ,138,Ayrshire Craft Distillers Ltd,100.0
16936127,BREWCREW LTD,ME13 8XZ,139,BREVCREW LTD,91.66666666666666
13606210,BEACON HOTEL LIMITED,B62 8DY,140,BEACON HOTEL LIMITED,100.0
SC861614,BENBECULA DISTILLERY LTD,HS7 5LX,141,BENBECULA DISTILLERY LTD,100.0
16132810,ADL-LEISURE LTD,WN3 6GY,142,  ADL-LEISURE LTD  ,100.0
12011859,BOWERMAN'S BREWERY LTD,TQ13 9UF,143,BOWERMAN'S BREWERY LTD,100.0
08681169,BRAND EXCHANGE LTD,TR11 5LB,144,Brand Exchange Ltd,100.0
16699437,BRAVE BREWING COMPANY LIMITED,OX13 5QN,145,BRAVE BREWING COMPANY LIMITED,100.0
11251709,ATOM GROUP LIMITED,TN9 1RA,146,ATOM GROUP LIMITED,100.0
06224116,BROADOAK CIDER COMPANY LIMITED,BS40 8UQ,147,BROADOAK CIDER COMPANY LTD,100.0
07519453,BEST OF FRANCE LIMITED,W5 1QY,148,BEST OF FRANCE LTD,100.0
14713924,BLURUM ENTERTAINMENT LTD,N1 7GU,149,BLURUM ENTERTAINMENT LTD,100.0
06549012,BLUE MONKEY BREWING LIMITED,NG16 2UZ,150,BLUE MONKEY BREWING LIMITED,100.0
NI643050,BEER HUT BREWING COMPANY LTD,BT34 4NA,151,Beer Hut Brewing Company Ltd,100.0
14163037,BRISTOL TEMPLE MEAD LTD,BS4 4EN,152,Bristol Temple Mead Ltd,100.0
13784413,AIT SPIRITS LIMITED,W6 0NB,153,AIT SPIRITS LIMITED,100.0
01530086,BOUTINOT LIMITED,SK8 2GG,154,Boutinot Limited,100.0
11979276,BEYOND WINES LIMITED,W1W 5PF,155,BEYOND WINES LIMITED,100.0
09377777,40FT BREWERY LIMITED,E8 3DL,156,40FT BREWERY LIMITED,100.0
15149002,AMŪ PROD. LTD,EC2A 4NA,157,AMŪ PROD. LTD,100.0
16725413,B2GWINES LTD,GL53 0AN,158,  B2GWINES LTD  ,100.0
11335798,1ST ICON LTD,E18 1LL,159,1ST ICON LTD,100.0
13028715,A THIRSTY HABIT LTD,CT2 7AL,160,A THIRSTY HABIT STD,94.73684210526316
NI604784,BELFAST DISTILLERY COMPANY LIMITED,BT14 6ST,161,  BELFAST DISTILLERY COMPANY LTD  ,100.0
07418394,BEERMASTER DERBY LTD,DE23 1FY,162,BEERMASTKR DERBY LTD,95.0
11753725,B & M WINES LTD,RH12 1ER,163,B & M Wines Ltd,100.0
05417775,BAZA TRADE LTD,IG11 0HZ,164,BAZA TRADE LTD,100.0
12449842,BEORN LIMITED,SK4 2HD,165,Beorn Limited,100.0
14653844,AMSTEL RAPID INVESTMENT UK LIMITED,E5 9EP,166,AMSTEL RAPID INVESTMENT UK LTD,100.0
16578448,ARIO DOG LTD,CO5 0PP,167,  Ario Dog Ltd  ,100.0
SC679042,ARGYLL SPIRITS CO LTD,ML5 4AQ,168,ARGYLL SPIRITS CO LTD,100.0
13170408,BRIGHT COCKTAIL CO LTD,BN3 2TH,169,Bright Cocktail Co Ltd,100.0
13797701,BRONTE DRINKS LIMITED,HX3 6AS,170,BRONTE DRINKS LIMITED,100.0
SC538056,BIG FISH BREWING COMPANY LIMITED,AB39 3LF,171,BIG FISH BREWING COMPANY LIMITED,100.0
10331856,BROLLY BREWING LIMITED,RH13 5NL,172,BROLLY BREWING LTD,100.0
12857461,BAILEYS WHOLESALE LIMITED,NP7 7RB,173,BAILEYS WHOLESALE LIMITED,100.0
14946351,BRAGDY NI CYF,SY23 1DE,174,BRAGDY NI CYF,100.0
03611673,BORDEAUX WINE INVESTMENTS LIMITED,TN13 3TH,175,BORDEAUX WINE INVESTMENTS LVD,96.55172413793105
13411725,793 SPIRITS LIMITED,DH3 3EZ,176,793 SPIRITS LIMITED,100.0
08735637,BRAGDY LLEU CYF,LL54 6DB,177,Bragdy Lleu Cyf,100.0
00390829,BLEWIN TRUST LIMITED,SA33 4TA,178,BLEWIN TRUST LTD,100.0
08249410,BARGATE DRINKS LIMITED,SL6 0NB,179,  BARGATE DRINKS LTD  ,100.0
SC690149,ANGELS DARE COCKTAILS LTD,DD7 7SD,180,Angels Dare Cocktails Ltd,100.0
12311275,A-O BREWING COMPANY LIMITED,NP19 4RR,181,A-O BREWING COMPANY LTD,100.0
15163277,BOTANICALS & COMMODITIES LTD,WC2H 9JQ,182,Botanicals & Commodities Ltd,100.0
08337833,BIBERE LTD.,E1 7SA,183,  BIBERE LTD.  ,100.0
06051627,BEVERLEY BREWERY COMPANY LIMITED,HU17 7EG,184,Beverley Brewery Company Limited,100.0
07711719,AVANT GARDE DRINKS LTD,S6 1PD,185,AVANT GARDE DRINKS LTD,100.0
13156088,BREWING WORKS LIMITED,SG1 3EJ,186,BREWING WORKS LTD,100.0
07189412,BEER GONZO LTD,CV5 6EP,187,BEER GONZO LTD,100.0
05806130,BALMAN IMPORT & EXPORT LIMITED,B66 1QG,188,BALMAN IMPORT & EXPORT LIMITED,100.0
11571157,ACORN 1985 LIMITED,N3 2JX,189,ABORN 1985 LIMITED,92.85714285714286
14822509,AFRIQUE SPIRITS LIMITED,EN7 6TR,190,Afrique SpiritL Limited,94.73684210526316
SC645906,BRAEMAR BREWING CO. LTD,AB35 5YT,191,BRAEMAR BREWING CO. LTD,100.0
16773761,ANJUU LTD,W1T 2EW,192,Anjuu Ltd,100.0
NI682822,ANNALARA WINE MERCHANTS LIMITED,BT7 2JA,193,ANNALARA WINE MERCHANTS LTD,100.0
12211110,BODEGARE LTD,N7 6AT,194,BODEGARE LTD,100.0
09386117,AVALON DISTILLERY COMPANY LTD,DT9 6AB,195,Avalon Distillery Company Ltd,100.0
11906671,BLACK SEA CAPITAL LTD,GU1 4YD,196,BLACK SEA HAPITAL LTD,95.23809523809524
15886090,BIG LIKKLE BARS LTD,BS8 1JY,197,Big Likkle Bars Ltd,100.0
SC172241,"BLOCK, GREY AND BLOCK LIMITED",G74 5LW,198,"Block, Grey And Block Limited",100.0
01156457,BROOM HOUSE INVESTMENTS LIMITED,HD6 1LU,199,BROOM HOUSE INVESTMENTS LTD,100.0
14340738,BOBO WINE LTD,NW3 1RY,200,BOBO WINE LTD,100.0
NI726887,ANTRIM COAST DISTRIBUTION LTD,BT37 0NY,201,Antrim Coast Qistribution Ltd,86.20689655172413
15109716,AGU BOOZE LTD,CF24 5JP,202,AGU BOOZE LTD,100.0
10267733,ALL DRINKS CASH & CARRY LIMITED,UB2 5FB,203,ALL DRINKS CASH & CARRY LTD,100.0
SC749565,ALLIED BLENDERS AND DISTILLERS (UK) LIMITED,EH8 9NG,204,ALLIED BLENDERS AND DISTILLERS (UK) LTD,100.0
NI673985,ANAM COLLECTIVE LTD,BT17 0AA,205,Anam Collective Ltd,100.0
05270939,ALLENDALE BREW COMPANY LIMITED,NE47 9EA,206,Allendale Brew Company Ltd,100.0
03511147,ALBION FINE WINES LTD,W1T 7NF,207,ALBION FINE WINES LTD,100.0
12395046,BARROSE LTD,WC2A 2JR,208,BARROSE LTD,100.0
00790103,BERKMANN FAMILY HOLDINGS LIMITED,EC1R 4RR,209,BERKMANN FAMILY HOLDINGS LIMITED,100.0
15541935,BOTTLE & SHOTS LTD,LN12 2HB,210,BOTTLE & SHOTS LTD,100.0
16898050,ANDERTON DOCKSIDE DRINKS LTD,L1 0AH,211,  ANDERTON DOCKSIDE DRINKS LTD  ,100.0
12811656,3ZEE INVESTMENT LIMITED,DA11 8HJ,212,3ZEE INVESTMENT LTD,100.0
13360744,BAR DIONYSUS LTD,CM13 1AB,213,BAR DIONYSUS LTD,100.0
15779383,AGB WINES AND SPIRITS LTD,W4 3DZ,214,  AGB WINES AND SPIRITS LTD  ,100.0
13353215,BEYOND BELIEF BREWING COMPANY LIMITED,WD6 1GT,215,BEYOND BELIEF BREWING COMPANY LTD,100.0
SC525036,BREW SHED BEERS LIMITED,KY11 3JD,216,BREW SHED BEERS LIMITED,100.0
10037294,ARCHANGEL DISTILLERIES LTD,CT1 3DN,217,Archangel Distilleries Ltd,100.0
07741820,BASE CACHACA IMPORT (UK) LTD,N7 6JL,218,BASE CACHACA IMPORT (UK) LTD,100.0
07748562,BEST WINES LONDON LTD,KT12 2QP,219,Best Wines London Ltd,100.0
16139256,80 CENTURY WINE LTD,SO22 5GQ,220,  80 Century Wine Ltd  ,100.0
04920532,AAYUSH LIMITED,SW16 3RW,221,AAYUSH LIMITED,100.0
01690413,BRIDGE VINTNERS LIMITED,BL1 2HA,222,Bridge Vintners Limited,100.0
17139190,ALKY TRADING LTD,WC2H 9JQ,223,  ALKY TRADING LTD  ,100.0
15301108,BOLLINGTON BEER SUPPLIES LTD,SK10 5DN,224,BOLLINGTON BEER SUPPLIES LTD,100.0
09755882,BEVCO LIMITED,SG13 7BJ,225,BEVCO LQD,88.88888888888889
14325712,ATTIC BARREL STORE JQ LTD,B69 2DG,226,ATTIC BARGEL STORE JQ LTD,96.0
16508030,BLOODY BONNER LIMITED,E14 7DE,227,Bloody Bonner Limited,100.0
08186959,BROOKFIELD DRINKS LIMITED,MK44 1PE,228,BROOKFIELD DRINKS LTD,100.0
04136478,BALTHAZAR LIMITED,WC1H 9BQ,229,BALTHAZAR LTD,100.0
10714499,BOND STREET DISTILLERY LTD.,LE10 1RT,230,BOND STREET DISTILLERY LTD.,100.0
12824024,ANTEROS WINE AND SPIRITS MERCHANT LIMITED,SW3 6HS,231,ANTEROS WINE AND SPIRITS MERCHANT LTD,100.0
17012363,BREHENY BROS UK LTD,WN2 2HP,232,BREHENY BROS UK LTD,100.0
12770922,AB INFUSIONS LTD,HD9 7FD,233,AB INFUSIONS LTD,100.0
13369972,BACCHUS FINE WINES LTD,EC3V 3QQ,234,BACCHUS FINE WINES LTD,100.0
05809403,ALBURY VINEYARD LIMITED,GU5 9BW,235,ALBURY VINEYARD LTD,100.0
09003916,BLACK DOG HILL ESTATES LTD,BN27 1DW,236,Black Dog Hill Estates Ltd,100.0
10352487,BLACK SHEEP LIFESTYLE LIMITED,KT1 4AS,237,Black Sheep Lifestyle Limited,100.0
16632148,AFROSUPPLY HUB LTD,ME8 6DP,238,AFROSUPPLY HUB LTD,100.0
03120735,A. S. D. WHOLESALE LIMITED,NG17 2NL,239,A. S. D. WHOLESALE LIMITED,100.0
16255330,BONNIE CASKS LTD,E18 2JG,241,BONNIE CASKS LTD,100.0
13480148,ARSEN GROUP LTD,B16 0AR,242,ARSEN GROUP LTD,100.0
16906621,BARBOX BRANDS LIMITED,SW6 2TL,243,BARBOX BRANDS LIMIUED,84.21052631578947
09835451,ACLOQUE CAPITAL LIMITED,W14 0DS,244,ACLOQUE CAPITAL LIMITED,100.0
SC523742,BEATHBREWING LTD,KY4 9AP,245,  BEATHBREWING LTD  ,100.0
16100967,BHANGRA BLENDS LTD,E17 3NU,246,BHANGRA BLENDS LTD,100.0
01609571,ARMIT WINES LIMITED,W6 0LG,247,  ARMIT WINES LIMITED  ,100.0
13966388,BLUE JAY MEADERY LTD,NR19 2JB,248,BLUE JAY MEADERY LTD,100.0
SC653499,BEN EIDEANN LIMITED,G11 7LS,249,BEN EIDEANN LTD,100.0
09396257,BAKER'S DOZEN BREWING CO LIMITED,PE9 3SZ,250,BAKER'S DOZEN BREWING CO LTD,100.0
16735508,BEERZ'N'TINGZ LTD,LU1 1NR,251,Beerz'N'TingU Ltd,94.11764705882352
16838810,222 PROSECCO LTD,L15 5AN,252,222 PROSECCO LTD,100.0
08919311,AFROGROCERS LTD,LS9 9LF,253,AFROGROCERS LTD,100.0
SC443301,"AMBER GLEN SCOTCH WHISKY CO., LTD",EH6 7BD,254,"Amber Glen Scotch Whisky Co., Ltd",100.0
SC745305,BLACKFORD SPIRITS LTD,G2 1BP,255,Blackford SpiritsXLtd,80.95238095238095
14821941,ALL4DRINKS LTD,HP9 1SE,256,ALL4DRENKS LTD,92.85714285714286
13452479,BMAC INTERNATIONAL TRADE LTD,BN1 9SB,257,BMAC INTERNATIONAL TRADE LTD,100.0
05847379,247 ENTERPRISES UK LTD,M29 7JY,258,247 ENTERPRISES UK LTD,100.0
16037971,AESTHETICS BY TOETIE LIMITED,NN15 6FW,259,AESTHETICS BY TOETIE LIMITED,100.0
08597961,BOURGOGNES ONLY LIMITED,EC4M 7AN,260,BOURGOGNES ONLY LIMITED,100.0
07610146,AMBER VALLEY WINES LTD,DE55 6DZ,261,Amber Valley Wines Ltd,100.0
SC022667,BEN NEVIS DISTILLERY (FORT WILLIAM) LIMITED,PH33 6TJ,262,BEN NEVIS DISTILLERY (FORT WILLIAM) LIMITED,100.0
05336922,BIG RIVER AGENCY LTD,EX2 7XE,263,BIG RIVER AGENCY LTD,100.0
14118373,ALCHEMY MI LTD,EC1V 2NX,264,ALCHEMY MI LTD,100.0
17352817,BOATENGSCO LTD,E3 4AP,265,BOATENGSCO LTD,100.0
12043471,BRAISEN LTD,SE13 5FP,266,Braisen Ltd,100.0
08453352,AXIOM BRANDS LIMITED,KT13 8AL,267,Axiom Brands Ltd,100.0
13857243,BRITANNIA SPIRITS LTD,PO7 7AR,268,Britannia Spirits Ltd,100.0
16860002,ALDWICK WINE LIMITED,BS40 5AL,269,ALAWICK WINE LTD,93.75
SC492519,BELLFIELD BREWERY LIMITED,EH7 5TB,270,BELLFIELD BREWERY LIMITED,100.0
13336211,3C WINES LIMITED,EN5 5TZ,271,3C WINES LTD,100.0
10682121,ABSOLUTE WHOLESALE LIMITED,NE11 9SY,272,  Absolute Wholesale Limited  ,100.0
15373883,AMOR VODKA LTD,SN14 6DP,273,Amor Vodka Ltd,100.0
11136564,AM DISTILLING LTD,LU1 4LF,275,AM DISTILLING LBD,94.11764705882352
13047153,BIWINES LTD,MK18 1LG,276,Biwines Ltd,100.0
11381934,BROS DISTILLING LTD,ST12 9ER,277,BROS DISTILLING LTD,100.0
09482843,ANDREAS WINE TRADING LTD,M33 6JF,278,ANDREAS WINE TRADING LTD,100.0
14986641,BRIXTON ALCHEMIST LTD,SW9 8LA,279,  BRIXTON ALCHEMIST LTD  ,100.0
14900807,ALEXANDRION GROUP UK LIMITED,N12 8QA,280,ALEXANBRION GROUP UK LIMITED,95.83333333333334
11209057,BOOT TOWN BREWERY LTD,NN15 5QA,281,  BOOT TOWN BREWERY LTD  ,100.0
16715932,BILL AND BEN WINE CO LTD,SW9 6NJ,282,Bill And Ben Wine CoKLtd,95.83333333333334
11337131,BOWTIE BREWERS LIMITED,WD17 4PU,283,BOWTIE BREWERS LIMITED,100.0
12784354,BAR SPOT LTD,IP28 7DE,284,Bar Spot Ltd,100.0
SC871049,BLUE MAKARA LTD,DD3 7BJ,285,Blue Makara Ltd,100.0
13144055,BMAN BREWERY LTD,OX4 4BL,286,Bman Brewery Ltd,100.0
12172576,AMVRO LIMITED,E8 3NJ,287,AMVRO LIMITED,100.0
17084279,BRIGHTSIDE SPIRITS LIMITED,HG2 8ER,288,BRIGHTSIDE SPIRITS LIMITED,100.0
03145730,BM WINES LIMITED,TN24 8DH,289,Bm Wines Limited,100.0
04608641,BIBELOT WINE LTD,TA10 0QL,290,Bibelot Wine Ltd,100.0
16015212,AIRBRIDGE LTD,SA1 4DQ,291,Airbridge Ltd,100.0
14695996,ARRAN WINES LTD,W13 9RR,292,Arran Wines Ltd,100.0
02747288,ANNESSA IMPORTS LIMITED,S81 7QF,293,Annessa Imports Limited,100.0
SC799957,BAHAMA BEACH LTD,EH10 7DS,294,BAHAMA BEACH LTD,100.0
15663348,BATH ROCK DISTILLERY CO LTD,WR5 3DA,295,Bath Rock Distillery Co Ltd,100.0
13006893,BRIDGE HOUSE SOMERSET LTD,TA2 7QA,296,BRIDGE HOUSE SOMERSET LTD,100.0
11000961,BAYRAM GROUP LIMITED,EN3 6JJ,297,Bayram Group Ltd,100.0
11913861,BLACKPOOL DISTILLERY COMPANY LTD,FY8 1PW,298,BLACKPOOL DISTILLERY COMPANY LTD,100.0
11362279,3SQUIRES WINES LTD,ST5 1DS,299,3Squires Wines Ltd,100.0
15086847,ANTLER WHISKY DISTRIBUTION LIMITED,W1B 3HH,300,ANTLER WHISKY DISTRIBUTION LTD,100.0
