vendor_record_id,vendor_company_name,matched_company_number,matched_company_name,match_score,true_company_number,asserted_correct,abstained,best_candidate_was_true_match
1,Bacino Ltd.,15162439,BACINO LTD.,100.0,15162439,True,False,True
2,  AEROCRAFT BEVERAGES LIMITED  ,12713591,AEROCRAFT BEVERAGES LIMITED,100.0,12713591,True,False,True
3,BIANKO LTD,15675558,BIANKO LTD,100.0,15675558,True,False,True
4,  Ballion Tequila Ltd.  ,15532049,BALLION TEQUILA LTD.,100.0,15532049,True,False,True
5,BEARSAREBACKONTOP25 LIMITED,SC842095,BEARSAREBACKONTOP25 LIMITED,100.0,SC842095,True,False,True
6,Aia Family Ltd,14817197,AIA FAMILY LTD,100.0,14817197,True,False,True
7,BELLEZA COLLECTIVE LTD,17335031,BELLEZA COLLECTIVE LTD,100.0,17335031,True,False,True
8,ASK DRINKS LTD,09262509,ASK DRINKS LTD,100.0,09262509,True,False,True
9,  Barn Direct Limited  ,03802254,BARN DIRECT LIMITED,100.0,03802254,True,False,True
10,Batch Brew Ltd,07837036,BATCH BREW LTD,100.0,07837036,True,False,True
11,Amiya Spirits Ltd,16984806,AMIYA SPIRITS LIMITED,100.0,16984806,True,False,True
12,Blackness Bay Distillery Ltd,SC761439,BLACKNESS BAY DISTILLERY LTD,100.0,SC761439,True,False,True
13,BIBI’S GROCERY LTD,13577952,BIBI’S GROCERY LTD,100.0,13577952,True,False,True
14,69 Drinks Co Ltd,15963581,69 DRINKS CO. LTD,96.96969696969697,15963581,True,False,True
15,BOLLEY BREWING & DISTILLATION LTD,12565476,BOLLEY BREWING & DISTILLATION LTD,100.0,12565476,True,False,True
16,ACH VENTURES LTD,16210726,ACH VENTURES LTD,100.0,16210726,True,False,True
17,Bajan1642 Ltd,16210624,BAJAN1642 LTD,100.0,16210624,True,False,True
18,DDP WINES LTD,06068619,ADP WINES LTD,92.3076923076923,06068619,True,False,True
19,BIB NOODLE BAR LTD,11778423,BIB NOODLE BAR LIMITED,100.0,11778423,True,False,True
20,Beef & Bass (Chelsea) Limited,15418587,BEEF & BASS (CHELSEA) LIMITED,100.0,15418587,True,False,True
21,BARRY ISLAND SPIRITS CO LTD,12964705,BARRY ISLAND SPIRITS CO LIMITED,100.0,12964705,True,False,True
22,Bh Beers Ltd,15744684,BH BEERS LIMITED,100.0,15744684,True,False,True
23,BATCH BREWERY LIMITEJ,15866231,BATCH BREWERY LIMITED,84.21052631578947,15866231,True,False,True
24,Bernie Investments Limited,11846880,BERNIE INVESTMENTS LIMITED,100.0,11846880,True,False,True
25,BEER BARRELS & MINERALS (WALES) LIMITED,03074657,BEER BARRELS & MINERALS (WALES) LIMITED,100.0,03074657,True,False,True
26,BALLERS BRANDS LTD,11790742,BALLERS BRANDS LTD,100.0,11790742,True,False,True
27,Amity Brew Co Limited,12559646,AMITY BREW CO LIMITED,100.0,12559646,True,False,True
28,Ale Finance Services Limited,10379989,ALE FINANCE SERVICES LIMITED,100.0,10379989,True,False,True
29,BENTALLA COWDEN LTD,SC777597,BENTALLA COWDEN LTD,100.0,SC777597,True,False,True
30,ANOTHER DRINK LTD,15301856,ANOTHER DRINK LTD,100.0,15301856,True,False,True
31,SUPA WINES LTD,,,64.28571428571428,17276409,False,True,True
32,BhBiji And Sons Ltd,16001549,BHAIJI AND SONS LTD,94.73684210526316,16001549,True,False,True
33,Ajc Homes Scotland Ltd,03529648,AJC HOMES SCOTLAND LIMITED,100.0,03529648,True,False,True
34,52 DEGREES NORTH BREWING LIMITED,16745066,52 DEGREES NORTH BREWING LIMITED,100.0,16745066,True,False,True
35,Bafan Traders Ltd,16710017,BAFAN TRADERS LTD,100.0,16710017,True,False,True
36,AGNES FARMHOXSE BREWING LTD,16624111,AGNES FARMHOUSE BREWING LTD,96.2962962962963,16624111,True,False,True
37,Aura Entertainment Ltd,16776567,AURA ENTERTAINMENT LTD,100.0,16776567,True,False,True
38,Black Shuck Ltd,09489113,BLACK SHUCK LTD,100.0,09489113,True,False,True
39,Bone Idyll Limited,11101402,BONE IDYLL LIMITED,100.0,11101402,True,False,True
40,ANTHONY BYRNE FINE WINES LIMITED,01713692,ANTHONY BYRNE FINE WINES LIMITED,100.0,01713692,True,False,True
41,Azuspirits Ltd,12234341,AZUSPIRITS LTD,100.0,12234341,True,False,True
42,BAABAA LTD,13376975,BAABAA LTD,100.0,13376975,True,False,True
43,BEATVILLE LIMITED,02456802,BEATVILLE LIMITED,100.0,02456802,True,False,True
44,BOOTHTOWN BREWERY PO LTD,10444217,BOOTHTOWN BREWERY CO LTD,87.5,10444217,True,False,True
45,Adur Crinks Limited,15253100,ADUR DRINKS LIMITED,93.33333333333333,15253100,True,False,True
46,Big G Gin Ltd,SC785866,BIG G GIN LTD,100.0,SC785866,True,False,True
47,ARUNDEL BREWERY LIMITED,02765832,ARUNDEL BREWERY LIMITED,100.0,02765832,True,False,True
48,Bonbois Cellars Ltd,16398777,BONBOIS CELLARS LTD,100.0,16398777,True,False,True
49,  3Mlpn Trading Ltd  ,13249673,3MLPN TRADING LTD,100.0,13249673,True,False,True
50,AZVEX QREWING COMPANY LTD,,,68.0,12606550,False,True,True
51,BEER BRITANNIA LIMITED,16296174,BEER BRITANNIA LIMITED,100.0,16296174,True,False,True
52,AKR IMPORT EXPORT LTD,17254074,AKR IMPORT EXPORT LTD,100.0,17254074,True,False,True
53,BEVALA LTD,14895578,BEVALA LTD,100.0,14895578,True,False,True
54,Blakes Lane Farm Ltd,11452737,BLAKES LANE FARM LIMITED,100.0,11452737,True,False,True
55,AUSTRALIAN WINE SERVICES LIMITED,04491796,AUSTRALIAN WINE SERVICES LIMITED,100.0,04491796,True,False,True
56,  BREAKY BOTTOMILTD  ,,,76.47058823529412,08717583,False,True,True
57,Bodega Movil Ltd,12570482,BODEGA MOVIL LIMITED,100.0,12570482,True,False,True
58,BROOZY LTD,16643038,BROOZY LTD,100.0,16643038,True,False,True
59,Beacon Down Wines Ltd,10117266,BEACON DOWN WINES LTD,100.0,10117266,True,False,True
60,  A DI MARIA & SONS LTD  ,11841236,A DI MARIA & SONS LTD,100.0,11841236,True,False,True
61,BASON BRIDGE BREWING COMPANY LTD,11193064,BASON BRIDGE BREWING COMPANY LTD,100.0,11193064,True,False,True
62,32 BOROUGHS LTD,12347361,32 BOROUGHS LTD,100.0,12347361,True,False,True
63,BATTALION BEERS LTD,16484543,BATTALION BEERS LTD,100.0,16484543,True,False,True
64,3D SHAPIE LIMITED,09374133,3D SHAPIE LIMITED,100.0,09374133,True,False,True
65,  Black Country Brewery Ltd  ,04946266,BLACK COUNTRY BREWERY LIMITED,100.0,04946266,True,False,True
66,Barking Cat Brewing Company Ltd.,16500821,BARKING CAT BREWING COMPANY LTD.,100.0,16500821,True,False,True
67,Australian Vintage (Uk) Ltd,02972516,AUSTRALIAN VINTAGE (UK) LTD,100.0,02972516,True,False,True
68,ALISTAIR WALKER WHISKY COMPANY LTD,SC591130,ALISTAIR WALKER WHISKY COMPANY LTD,100.0,SC591130,True,False,True
69,ACEO EUROPE LTD,16906899,ACEO EUROPE LTD,100.0,16906899,True,False,True
70,BETTER SUNDAYS LIMITED,16350770,BETTER SUNDAYS LIMITED,100.0,16350770,True,False,True
71,AVONSIDE WHISKY LIGITED,SC040359,AVONSIDE WHISKY LIMITED,90.47619047619048,SC040359,True,False,True
72,Black Opal Investments Limited,16619669,BLACK OPAL INVESTMENTS LIMITED,100.0,16619669,True,False,True
73,BLUEBELL VINEYARD ESTTTES LIMITED,01652215,BLUEBELL VINEYARD ESTATES LIMITED,96.55172413793103,01652215,True,False,True
74,AMATHUS DRINKS PLC,01689532,AMATHUS DRINKS PLC,100.0,01689532,True,False,True
75,Aston Jones Limited,04801602,ASTON JONES LIMITED,100.0,04801602,True,False,True
76,7 BREWERY LTD,16037237,7 BREWERY LTD,100.0,16037237,True,False,True
77,51 Wines Ltd,15288314,51 WINES LTD,100.0,15288314,True,False,True
78,BRISTOL CASH AND CARRY LIMITED,11797755,BRISTOL CASH AND CARRY LIMITED,100.0,11797755,True,False,True
79,Authentique Wine Ltd,16490852,AUTHENTIQUE WINE LTD,100.0,16490852,True,False,True
80,BIER BRUCKE GERMAN IMPORTS LTD,16667706,BIER BRUCKE GERMAN IMPORTS LIMITED,100.0,16667706,True,False,True
81,Borders Distilling Ltd,SC584275,BORDERS DISTILLING LIMITED,100.0,SC584275,True,False,True
82,BD WHALLEY LTD,15526994,BD WHALLEY LTD,100.0,15526994,True,False,True
83,AYbamore Ltd,14388212,ALBAMORE LTD,91.66666666666666,14388212,True,False,True
84,29 UNIVDRSAL TRADING LTD,12342861,29 UNIVERSAL TRADING LIMITED,95.83333333333334,12342861,True,False,True
85,BLAINE NISSEN VINTNERS LTD,14323355,BLAINE NISSEN VINTNERS LTD,100.0,14323355,True,False,True
86,BIG FELLA BREWING LTD,17103326,BIG FELLA BREWING LTD,100.0,17103326,True,False,True
87,APERTURE DRINKS LIMITED,16362426,APERTURE DRINKS LIMITED,100.0,16362426,True,False,True
88,BELLEVUE STELLENBOSCH LTD,16906640,BELLEVUE STELLENBOSCH LIMITED,100.0,16906640,True,False,True
89,Blackened Sun Brewing Company Ltd,10601688,BLACKENED SUN BREWING COMPANY LIMITED,100.0,10601688,True,False,True
90,Aster Xin Trading Ltd,15954834,ASTER XIN TRADING LTD,100.0,15954834,True,False,True
91,BELLA CRUZ LTD,16934232,BELLA CRUZ LIMITED,100.0,16934232,True,False,True
92,BRANSCOMBE VALE BREWERY LIMITED,04600140,BRANSCOMBE VALE BREWERY LIMITED,100.0,04600140,True,False,True
93,AMIGOS AD VITAM LIMITED,15900931,AMIGOS AD VITAM LIMITED,100.0,15900931,True,False,True
94,BB18 BREWING CO LTD,12305369,BB18 BREWING CO LTD,100.0,12305369,True,False,True
95,  Bianca Trading Wine Ltd  ,11824366,BIANCA TRADING WINE LTD,100.0,11824366,True,False,True
96,APEX BREWERY LTD,14457448,APEX BREWERY LIMITED,100.0,14457448,True,False,True
97,BRISTOL WINE LTD,17196816,BRISTOL WINE LTD,100.0,17196816,True,False,True
98,  BLAST VINTNERS LTD  ,08871620,BLAST VINTNERS LTD,100.0,08871620,True,False,True
99,Aqua Destillata Ltd,16748739,AQUA DESTILLATA LTD,100.0,16748739,True,False,True
100,XANKSIDE BREWING LIMITED,,,55.00000000000001,10989503,False,True,True
101,A.H.RACKHAM LIMITED,00632157,A.H.RACKHAM LIMITED,100.0,00632157,True,False,True
102,BRIGHTON SOFT DRINKS LIMITED,05629193,BRIGHTON SOFT DRINKS LIMITED,100.0,05629193,True,False,True
103,BARTELS RAWLINGS COMPANY LTD,14891220,BARTELS RAWLINGS COMPANY LTD,100.0,14891220,True,False,True
104,BOOZE DIRECT WHOLESALERS LFD,SC789312,BOOZE DIRECT WHOLESALERS LTD,96.42857142857143,SC789312,True,False,True
105,Bridge House Brewery Ltd,07133880,BRIDGE HOUSE BREWERY LIMITED,100.0,07133880,True,False,True
106,4RTY LTD,SC704834,4RTY LTD,100.0,SC704834,True,False,True
107,BIG PENNY LTD,07095615,BIG PENNY LTD,100.0,07095615,True,False,True
108,BIG MOUNTAIN BREWING COMPANY LIMITED,11038318,BIG MOUNTAIN BREWING COMPANY LIMITED,100.0,11038318,True,False,True
109,BISHOP'S CROOK BREWERY LTD.,08738512,BISHOP'S CROOK BREWERY LTD.,100.0,08738512,True,False,True
110,ATLANTIC DISTILLERY LTD,10783338,ATLANTIC DISTILLERY LTD,100.0,10783338,True,False,True
111,ARRAN BREWERY PLC,SC430232,ARRAN BREWERY PLC,100.0,SC430232,True,False,True
112,ALLSAINTS DISTILLERY LTD,11880994,ALLSAINTS DISTILLERY LTD,100.0,11880994,True,False,True
113,360 Degree Brewing Company Ltd,04812482,360 DEGREE BREWING COMPANY LTD,100.0,04812482,True,False,True
114,BROOKS & WHITAKER LIMITED,07761569,BROOKS & WHITAKER LIMITED,100.0,07761569,True,False,True
115,55 DEGREES NORTH COLLECTIVE LTD,SC885714,55 DEGREES NORTH COLLECTIVE LTD,100.0,SC885714,True,False,True
116,Billericay BrPwery Ltd,16556012,BILLERICAY BREWERY LIMITED,95.45454545454545,16556012,True,False,True
117,  BIRMINGHAM BREWING COMPANY LTD  ,10311471,BIRMINGHAM BREWING COMPANY LIMITED,100.0,10311471,True,False,True
118,BARRIQUE FINE WINES LTD,12818480,BARRIQUE FINE WINES LTD,100.0,12818480,True,False,True
119,ANDYS' ALES LIMITED,10892009,ANDYS' ALES LIMITED,100.0,10892009,True,False,True
120,ATOM DRINKS LIMITED,11251839,ATOM DRINKS LIMITED,100.0,11251839,True,False,True
121,BCK WINES LTD,16884351,BCK WINES LTD,100.0,16884351,True,False,True
122,AVANTI WINES LTD,08810304,AVANTI WINES LTD,100.0,08810304,True,False,True
123,23Bp Ltd,17152450,23BP LTD,100.0,17152450,True,False,True
124,Beliker Ltd,15341209,BELIKER LIMITED,100.0,15341209,True,False,True
125,BOFFERDINP LIMITED,17235113,BOFFERDING LIMITED,92.85714285714286,17235113,True,False,True
126,BANG-ON BREWERY LTD,09944016,BANG-ON BREWERY LIMITED,100.0,09944016,True,False,True
127,ADAMTHWAITE BROTHERS LTD,15782325,ADAMTHWAITE BROTHERS LTD,100.0,15782325,True,False,True
128,BRANCH-MADE LTD,13028104,BRANCH-MADE LTD,100.0,13028104,True,False,True
129,BRANCASTER DRINKS LIMITED,14976231,BRANCASTER DRINKS LIMITED,100.0,14976231,True,False,True
130,Aifian Co Limited,15086756,AIFIAN CO LIMITED,100.0,15086756,True,False,True
131,BIRRA DI CESARE LTD,16489167,BIRRA DI CESARE LTD,100.0,16489167,True,False,True
132,Boutinot Canada Ltd,11620395,BOUTINOT CANADA LIMITED,100.0,11620395,True,False,True
133,BH WWNE LTD,14514596,BH WINE LTD,90.9090909090909,14514596,True,False,True
134,Astir Cigars & Wine Ltd,09952351,ASTIR CIGARS & WINE LTD,100.0,09952351,True,False,True
135,BARMASTER (INDUPENDANT WHOLESALERS) LIMITED,03841988,BARMASTER (INDEPENDANT WHOLESALERS) LIMITED,97.43589743589743,03841988,True,False,True
136,Billecart - Salmon (Uk) Ltd,03031863,BILLECART - SALMON (UK) LIMITED,100.0,03031863,True,False,True
137,ANJO WINES LIMITED,NI016879,ANJO WINES LIMITED,100.0,NI016879,True,False,True
138,Ayrshire Craft Distillers Ltd,SC563425,AYRSHIRE CRAFT DISTILLERS LTD,100.0,SC563425,True,False,True
139,BREVCREW LTD,16936127,BREWCREW LTD,91.66666666666666,16936127,True,False,True
140,BEACON HOTEL LIMITED,13606210,BEACON HOTEL LIMITED,100.0,13606210,True,False,True
141,BENBECULA DISTILLERY LTD,SC861614,BENBECULA DISTILLERY LTD,100.0,SC861614,True,False,True
142,  ADL-LEISURE LTD  ,16132810,ADL-LEISURE LTD,100.0,16132810,True,False,True
143,BOWERMAN'S BREWERY LTD,12011859,BOWERMAN'S BREWERY LTD,100.0,12011859,True,False,True
144,Brand Exchange Ltd,08681169,BRAND EXCHANGE LTD,100.0,08681169,True,False,True
145,BRAVE BREWING COMPANY LIMITED,16699437,BRAVE BREWING COMPANY LIMITED,100.0,16699437,True,False,True
146,ATOM GROUP LIMITED,11251709,ATOM GROUP LIMITED,100.0,11251709,True,False,True
147,BROADOAK CIDER COMPANY LTD,06224116,BROADOAK CIDER COMPANY LIMITED,100.0,06224116,True,False,True
148,BEST OF FRANCE LTD,07519453,BEST OF FRANCE LIMITED,100.0,07519453,True,False,True
149,BLURUM ENTERTAINMENT LTD,14713924,BLURUM ENTERTAINMENT LTD,100.0,14713924,True,False,True
150,BLUE MONKEY BREWING LIMITED,06549012,BLUE MONKEY BREWING LIMITED,100.0,06549012,True,False,True
151,Beer Hut Brewing Company Ltd,NI643050,BEER HUT BREWING COMPANY LTD,100.0,NI643050,True,False,True
152,Bristol Temple Mead Ltd,14163037,BRISTOL TEMPLE MEAD LTD,100.0,14163037,True,False,True
153,AIT SPIRITS LIMITED,13784413,AIT SPIRITS LIMITED,100.0,13784413,True,False,True
154,Boutinot Limited,01530086,BOUTINOT LIMITED,100.0,01530086,True,False,True
155,BEYOND WINES LIMITED,11979276,BEYOND WINES LIMITED,100.0,11979276,True,False,True
156,40FT BREWERY LIMITED,09377777,40FT BREWERY LIMITED,100.0,09377777,True,False,True
157,AMŪ PROD. LTD,15149002,AMŪ PROD. LTD,100.0,15149002,True,False,True
158,  B2GWINES LTD  ,16725413,B2GWINES LTD,100.0,16725413,True,False,True
159,1ST ICON LTD,11335798,1ST ICON LTD,100.0,11335798,True,False,True
160,A THIRSTY HABIT STD,13028715,A THIRSTY HABIT LTD,94.73684210526316,13028715,True,False,True
161,  BELFAST DISTILLERY COMPANY LTD  ,NI604784,BELFAST DISTILLERY COMPANY LIMITED,100.0,NI604784,True,False,True
162,BEERMASTKR DERBY LTD,07418394,BEERMASTER DERBY LTD,95.0,07418394,True,False,True
163,B & M Wines Ltd,11753725,B & M WINES LTD,100.0,11753725,True,False,True
164,BAZA TRADE LTD,05417775,BAZA TRADE LTD,100.0,05417775,True,False,True
165,Beorn Limited,12449842,BEORN LIMITED,100.0,12449842,True,False,True
166,AMSTEL RAPID INVESTMENT UK LTD,14653844,AMSTEL RAPID INVESTMENT UK LIMITED,100.0,14653844,True,False,True
167,  Ario Dog Ltd  ,16578448,ARIO DOG LTD,100.0,16578448,True,False,True
168,ARGYLL SPIRITS CO LTD,SC679042,ARGYLL SPIRITS CO LTD,100.0,SC679042,True,False,True
169,Bright Cocktail Co Ltd,13170408,BRIGHT COCKTAIL CO LTD,100.0,13170408,True,False,True
170,BRONTE DRINKS LIMITED,13797701,BRONTE DRINKS LIMITED,100.0,13797701,True,False,True
171,BIG FISH BREWING COMPANY LIMITED,SC538056,BIG FISH BREWING COMPANY LIMITED,100.0,SC538056,True,False,True
172,BROLLY BREWING LTD,10331856,BROLLY BREWING LIMITED,100.0,10331856,True,False,True
173,BAILEYS WHOLESALE LIMITED,12857461,BAILEYS WHOLESALE LIMITED,100.0,12857461,True,False,True
174,BRAGDY NI CYF,14946351,BRAGDY NI CYF,100.0,14946351,True,False,True
175,BORDEAUX WINE INVESTMENTS LVD,03611673,BORDEAUX WINE INVESTMENTS LIMITED,96.55172413793103,03611673,True,False,True
176,793 SPIRITS LIMITED,13411725,793 SPIRITS LIMITED,100.0,13411725,True,False,True
177,Bragdy Lleu Cyf,08735637,BRAGDY LLEU CYF,100.0,08735637,True,False,True
178,BLEWIN TRUST LTD,00390829,BLEWIN TRUST LIMITED,100.0,00390829,True,False,True
179,  BARGATE DRINKS LTD  ,08249410,BARGATE DRINKS LIMITED,100.0,08249410,True,False,True
180,Angels Dare Cocktails Ltd,SC690149,ANGELS DARE COCKTAILS LTD,100.0,SC690149,True,False,True
181,A-O BREWING COMPANY LTD,12311275,A-O BREWING COMPANY LIMITED,100.0,12311275,True,False,True
182,Botanicals & Commodities Ltd,15163277,BOTANICALS & COMMODITIES LTD,100.0,15163277,True,False,True
183,  BIBERE LTD.  ,08337833,BIBERE LTD.,100.0,08337833,True,False,True
184,Beverley Brewery Company Limited,06051627,BEVERLEY BREWERY COMPANY LIMITED,100.0,06051627,True,False,True
185,AVANT GARDE DRINKS LTD,07711719,AVANT GARDE DRINKS LTD,100.0,07711719,True,False,True
186,BREWING WORKS LTD,13156088,BREWING WORKS LIMITED,100.0,13156088,True,False,True
187,BEER GONZO LTD,07189412,BEER GONZO LTD,100.0,07189412,True,False,True
188,BALMAN IMPORT & EXPORT LIMITED,05806130,BALMAN IMPORT & EXPORT LIMITED,100.0,05806130,True,False,True
189,ABORN 1985 LIMITED,11571157,ACORN 1985 LIMITED,92.85714285714286,11571157,True,False,True
190,Afrique SpiritL Limited,14822509,AFRIQUE SPIRITS LIMITED,94.73684210526316,14822509,True,False,True
191,BRAEMAR BREWING CO. LTD,SC645906,BRAEMAR BREWING CO. LTD,100.0,SC645906,True,False,True
192,Anjuu Ltd,16773761,ANJUU LTD,100.0,16773761,True,False,True
193,ANNALARA WINE MERCHANTS LTD,NI682822,ANNALARA WINE MERCHANTS LIMITED,100.0,NI682822,True,False,True
194,BODEGARE LTD,12211110,BODEGARE LTD,100.0,12211110,True,False,True
195,Avalon Distillery Company Ltd,09386117,AVALON DISTILLERY COMPANY LTD,100.0,09386117,True,False,True
196,BLACK SEA HAPITAL LTD,11906671,BLACK SEA CAPITAL LTD,95.23809523809523,11906671,True,False,True
197,Big Likkle Bars Ltd,15886090,BIG LIKKLE BARS LTD,100.0,15886090,True,False,True
198,"Block, Grey And Block Limited",SC172241,"BLOCK, GREY AND BLOCK LIMITED",100.0,SC172241,True,False,True
199,BROOM HOUSE INVESTMENTS LTD,01156457,BROOM HOUSE INVESTMENTS LIMITED,100.0,01156457,True,False,True
200,BOBO WINE LTD,14340738,BOBO WINE LTD,100.0,14340738,True,False,True
201,Antrim Coast Qistribution Ltd,NI726887,ANTRIM COAST DISTRIBUTION LTD,86.20689655172413,NI726887,True,False,True
202,AGU BOOZE LTD,15109716,AGU BOOZE LTD,100.0,15109716,True,False,True
203,ALL DRINKS CASH & CARRY LTD,10267733,ALL DRINKS CASH & CARRY LIMITED,100.0,10267733,True,False,True
204,ALLIED BLENDERS AND DISTILLERS (UK) LTD,SC749565,ALLIED BLENDERS AND DISTILLERS (UK) LIMITED,100.0,SC749565,True,False,True
205,Anam Collective Ltd,NI673985,ANAM COLLECTIVE LTD,100.0,NI673985,True,False,True
206,Allendale Brew Company Ltd,05270939,ALLENDALE BREW COMPANY LIMITED,100.0,05270939,True,False,True
207,ALBION FINE WINES LTD,03511147,ALBION FINE WINES LTD,100.0,03511147,True,False,True
208,BARROSE LTD,12395046,BARROSE LTD,100.0,12395046,True,False,True
209,BERKMANN FAMILY HOLDINGS LIMITED,00790103,BERKMANN FAMILY HOLDINGS LIMITED,100.0,00790103,True,False,True
210,BOTTLE & SHOTS LTD,15541935,BOTTLE & SHOTS LTD,100.0,15541935,True,False,True
211,  ANDERTON DOCKSIDE DRINKS LTD  ,16898050,ANDERTON DOCKSIDE DRINKS LTD,100.0,16898050,True,False,True
212,3ZEE INVESTMENT LTD,12811656,3ZEE INVESTMENT LIMITED,100.0,12811656,True,False,True
213,BAR DIONYSUS LTD,13360744,BAR DIONYSUS LTD,100.0,13360744,True,False,True
214,  AGB WINES AND SPIRITS LTD  ,15779383,AGB WINES AND SPIRITS LTD,100.0,15779383,True,False,True
215,BEYOND BELIEF BREWING COMPANY LTD,13353215,BEYOND BELIEF BREWING COMPANY LIMITED,100.0,13353215,True,False,True
216,BREW SHED BEERS LIMITED,SC525036,BREW SHED BEERS LIMITED,100.0,SC525036,True,False,True
217,Archangel Distilleries Ltd,10037294,ARCHANGEL DISTILLERIES LTD,100.0,10037294,True,False,True
218,BASE CACHACA IMPORT (UK) LTD,07741820,BASE CACHACA IMPORT (UK) LTD,100.0,07741820,True,False,True
219,Best Wines London Ltd,07748562,BEST WINES LONDON LTD,100.0,07748562,True,False,True
220,  80 Century Wine Ltd  ,16139256,80 CENTURY WINE LTD,100.0,16139256,True,False,True
221,AAYUSH LIMITED,04920532,AAYUSH LIMITED,100.0,04920532,True,False,True
222,Bridge Vintners Limited,01690413,BRIDGE VINTNERS LIMITED,100.0,01690413,True,False,True
223,  ALKY TRADING LTD  ,17139190,ALKY TRADING LTD,100.0,17139190,True,False,True
224,BOLLINGTON BEER SUPPLIES LTD,15301108,BOLLINGTON BEER SUPPLIES LTD,100.0,15301108,True,False,True
225,BEVCO LQD,09755882,BEVCO LIMITED,88.88888888888889,09755882,True,False,True
226,ATTIC BARGEL STORE JQ LTD,14325712,ATTIC BARREL STORE JQ LTD,96.0,14325712,True,False,True
227,Bloody Bonner Limited,16508030,BLOODY BONNER LIMITED,100.0,16508030,True,False,True
228,BROOKFIELD DRINKS LTD,08186959,BROOKFIELD DRINKS LIMITED,100.0,08186959,True,False,True
229,BALTHAZAR LTD,04136478,BALTHAZAR LIMITED,100.0,04136478,True,False,True
230,BOND STREET DISTILLERY LTD.,10714499,BOND STREET DISTILLERY LTD.,100.0,10714499,True,False,True
231,ANTEROS WINE AND SPIRITS MERCHANT LTD,12824024,ANTEROS WINE AND SPIRITS MERCHANT LIMITED,100.0,12824024,True,False,True
232,BREHENY BROS UK LTD,17012363,BREHENY BROS UK LTD,100.0,17012363,True,False,True
233,AB INFUSIONS LTD,12770922,AB INFUSIONS LTD,100.0,12770922,True,False,True
234,BACCHUS FINE WINES LTD,13369972,BACCHUS FINE WINES LTD,100.0,13369972,True,False,True
235,ALBURY VINEYARD LTD,05809403,ALBURY VINEYARD LIMITED,100.0,05809403,True,False,True
236,Black Dog Hill Estates Ltd,09003916,BLACK DOG HILL ESTATES LTD,100.0,09003916,True,False,True
237,Black Sheep Lifestyle Limited,10352487,BLACK SHEEP LIFESTYLE LIMITED,100.0,10352487,True,False,True
238,AFROSUPPLY HUB LTD,16632148,AFROSUPPLY HUB LTD,100.0,16632148,True,False,True
239,A. S. D. WHOLESALE LIMITED,03120735,A. S. D. WHOLESALE LIMITED,100.0,03120735,True,False,True
240,BABOO JI DRINKS COMPANY LTD,,,0.0,14515012,False,True,False
241,BONNIE CASKS LTD,16255330,BONNIE CASKS LTD,100.0,16255330,True,False,True
242,ARSEN GROUP LTD,13480148,ARSEN GROUP LTD,100.0,13480148,True,False,True
243,BARBOX BRANDS LIMIUED,16906621,BARBOX BRANDS LIMITED,84.21052631578947,16906621,True,False,True
244,ACLOQUE CAPITAL LIMITED,09835451,ACLOQUE CAPITAL LIMITED,100.0,09835451,True,False,True
245,  BEATHBREWING LTD  ,SC523742,BEATHBREWING LTD,100.0,SC523742,True,False,True
246,BHANGRA BLENDS LTD,16100967,BHANGRA BLENDS LTD,100.0,16100967,True,False,True
247,  ARMIT WINES LIMITED  ,01609571,ARMIT WINES LIMITED,100.0,01609571,True,False,True
248,BLUE JAY MEADERY LTD,13966388,BLUE JAY MEADERY LTD,100.0,13966388,True,False,True
249,BEN EIDEANN LTD,SC653499,BEN EIDEANN LIMITED,100.0,SC653499,True,False,True
250,BAKER'S DOZEN BREWING CO LTD,09396257,BAKER'S DOZEN BREWING CO LIMITED,100.0,09396257,True,False,True
251,Beerz'N'TingU Ltd,16735508,BEERZ'N'TINGZ LTD,94.11764705882352,16735508,True,False,True
252,222 PROSECCO LTD,16838810,222 PROSECCO LTD,100.0,16838810,True,False,True
253,AFROGROCERS LTD,08919311,AFROGROCERS LTD,100.0,08919311,True,False,True
254,"Amber Glen Scotch Whisky Co., Ltd",SC443301,"AMBER GLEN SCOTCH WHISKY CO., LTD",100.0,SC443301,True,False,True
255,Blackford SpiritsXLtd,SC745305,BLACKFORD SPIRITS LTD,80.95238095238095,SC745305,True,False,True
256,ALL4DRENKS LTD,14821941,ALL4DRINKS LTD,92.85714285714286,14821941,True,False,True
257,BMAC INTERNATIONAL TRADE LTD,13452479,BMAC INTERNATIONAL TRADE LTD,100.0,13452479,True,False,True
258,247 ENTERPRISES UK LTD,05847379,247 ENTERPRISES UK LTD,100.0,05847379,True,False,True
259,AESTHETICS BY TOETIE LIMITED,16037971,AESTHETICS BY TOETIE LIMITED,100.0,16037971,True,False,True
260,BOURGOGNES ONLY LIMITED,08597961,BOURGOGNES ONLY LIMITED,100.0,08597961,True,False,True
261,Amber Valley Wines Ltd,07610146,AMBER VALLEY WINES LTD,100.0,07610146,True,False,True
262,BEN NEVIS DISTILLERY (FORT WILLIAM) LIMITED,SC022667,BEN NEVIS DISTILLERY (FORT WILLIAM) LIMITED,100.0,SC022667,True,False,True
263,BIG RIVER AGENCY LTD,05336922,BIG RIVER AGENCY LTD,100.0,05336922,True,False,True
264,ALCHEMY MI LTD,14118373,ALCHEMY MI LTD,100.0,14118373,True,False,True
265,BOATENGSCO LTD,17352817,BOATENGSCO LTD,100.0,17352817,True,False,True
266,Braisen Ltd,12043471,BRAISEN LTD,100.0,12043471,True,False,True
267,Axiom Brands Ltd,08453352,AXIOM BRANDS LIMITED,100.0,08453352,True,False,True
268,Britannia Spirits Ltd,13857243,BRITANNIA SPIRITS LTD,100.0,13857243,True,False,True
269,ALAWICK WINE LTD,16860002,ALDWICK WINE LIMITED,93.75,16860002,True,False,True
270,BELLFIELD BREWERY LIMITED,SC492519,BELLFIELD BREWERY LIMITED,100.0,SC492519,True,False,True
271,3C WINES LTD,13336211,3C WINES LIMITED,100.0,13336211,True,False,True
272,  Absolute Wholesale Limited  ,10682121,ABSOLUTE WHOLESALE LIMITED,100.0,10682121,True,False,True
273,Amor Vodka Ltd,15373883,AMOR VODKA LTD,100.0,15373883,True,False,True
274,BLUU CPIRIT LTD,,,66.66666666666667,10221265,False,True,True
275,AM DISTILLING LBD,11136564,AM DISTILLING LTD,94.11764705882352,11136564,True,False,True
276,Biwines Ltd,13047153,BIWINES LTD,100.0,13047153,True,False,True
277,BROS DISTILLING LTD,11381934,BROS DISTILLING LTD,100.0,11381934,True,False,True
278,ANDREAS WINE TRADING LTD,09482843,ANDREAS WINE TRADING LTD,100.0,09482843,True,False,True
279,  BRIXTON ALCHEMIST LTD  ,14986641,BRIXTON ALCHEMIST LTD,100.0,14986641,True,False,True
280,ALEXANBRION GROUP UK LIMITED,14900807,ALEXANDRION GROUP UK LIMITED,95.83333333333334,14900807,True,False,True
281,  BOOT TOWN BREWERY LTD  ,11209057,BOOT TOWN BREWERY LTD,100.0,11209057,True,False,True
282,Bill And Ben Wine CoKLtd,16715932,BILL AND BEN WINE CO LTD,95.83333333333334,16715932,True,False,True
283,BOWTIE BREWERS LIMITED,11337131,BOWTIE BREWERS LIMITED,100.0,11337131,True,False,True
284,Bar Spot Ltd,12784354,BAR SPOT LTD,100.0,12784354,True,False,True
285,Blue Makara Ltd,SC871049,BLUE MAKARA LTD,100.0,SC871049,True,False,True
286,Bman Brewery Ltd,13144055,BMAN BREWERY LTD,100.0,13144055,True,False,True
287,AMVRO LIMITED,12172576,AMVRO LIMITED,100.0,12172576,True,False,True
288,BRIGHTSIDE SPIRITS LIMITED,17084279,BRIGHTSIDE SPIRITS LIMITED,100.0,17084279,True,False,True
289,Bm Wines Limited,03145730,BM WINES LIMITED,100.0,03145730,True,False,True
290,Bibelot Wine Ltd,04608641,BIBELOT WINE LTD,100.0,04608641,True,False,True
291,Airbridge Ltd,16015212,AIRBRIDGE LTD,100.0,16015212,True,False,True
292,Arran Wines Ltd,14695996,ARRAN WINES LTD,100.0,14695996,True,False,True
293,Annessa Imports Limited,02747288,ANNESSA IMPORTS LIMITED,100.0,02747288,True,False,True
294,BAHAMA BEACH LTD,SC799957,BAHAMA BEACH LTD,100.0,SC799957,True,False,True
295,Bath Rock Distillery Co Ltd,15663348,BATH ROCK DISTILLERY CO LTD,100.0,15663348,True,False,True
296,BRIDGE HOUSE SOMERSET LTD,13006893,BRIDGE HOUSE SOMERSET LTD,100.0,13006893,True,False,True
297,Bayram Group Ltd,11000961,BAYRAM GROUP LIMITED,100.0,11000961,True,False,True
298,BLACKPOOL DISTILLERY COMPANY LTD,11913861,BLACKPOOL DISTILLERY COMPANY LTD,100.0,11913861,True,False,True
299,3Squires Wines Ltd,11362279,3SQUIRES WINES LTD,100.0,11362279,True,False,True
300,ANTLER WHISKY DISTRIBUTION LTD,15086847,ANTLER WHISKY DISTRIBUTION LIMITED,100.0,15086847,True,False,True
