vendor_record_id,vendor_company_name,vendor_postcode,true_company_number
1,Bacino Ltd.,E20 1FZ,15162439
2,  AEROCRAFT BEVERAGES LIMITED  ,CM7 3QS,12713591
3,BIANKO LTD,M28 1AF,15675558
4,  Ballion Tequila Ltd.  ,W1H 1PJ,15532049
5,BEARSAREBACKONTOP25 LIMITED,G31 1NG,SC842095
6,Aia Family Ltd,L15 4LG,14817197
7,BELLEZA COLLECTIVE LTD,GL55 6NX,17335031
8,ASK DRINKS LTD,BL4 7AH,09262509
9,  Barn Direct Limited  ,S64 9JB,03802254
10,Batch Brew Ltd,BB11 5BS,07837036
11,Amiya Spirits Ltd,SW20 9DW,16984806
12,Blackness Bay Distillery Ltd,EH49 7NL,SC761439
13,BIBI’S GROCERY LTD,LU4 9JU,13577952
14,69 Drinks Co Ltd,DN22 8RW,15963581
15,BOLLEY BREWING & DISTILLATION LTD,LE18 3SN,12565476
16,ACH VENTURES LTD,EC1V 2NX,16210726
17,Bajan1642 Ltd,W3 8UH,16210624
18,DDP WINES LTD,MK18 3JW,06068619
19,BIB NOODLE BAR LTD,CV3 2AZ,11778423
20,Beef & Bass (Chelsea) Limited,N3 2FG,15418587
21,BARRY ISLAND SPIRITS CO LTD,CF62 5DZ,12964705
22,Bh Beers Ltd,HD3 4JN,15744684
23,BATCH BREWERY LIMITEJ,DT7 3LW,15866231
24,Bernie Investments Limited,EX2 8PW,11846880
25,BEER BARRELS & MINERALS (WALES) LIMITED,CF32 9TX,03074657
26,BALLERS BRANDS LTD,SS4 3JN,11790742
27,Amity Brew Co Limited,LS28 5UJ,12559646
28,Ale Finance Services Limited,EC4A 1EN,10379989
29,BENTALLA COWDEN LTD,FK16 6BJ,SC777597
30,ANOTHER DRINK LTD,SE10 0TG,15301856
31,SUPA WINES LTD,OX17 3QL,17276409
32,BhBiji And Sons Ltd,CR7 6HL,16001549
33,Ajc Homes Scotland Ltd,W1B 4DE,03529648
34,52 DEGREES NORTH BREWING LIMITED,M3 2EN,16745066
35,Bafan Traders Ltd,LE5 0EA,16710017
36,AGNES FARMHOXSE BREWING LTD,BS27 3LN,16624111
37,Aura Entertainment Ltd,B1 2SZ,16776567
38,Black Shuck Ltd,NR21 9DQ,09489113
39,Bone Idyll Limited,GU10 5LZ,11101402
40,ANTHONY BYRNE FINE WINES LIMITED,PE26 2UR,01713692
41,Azuspirits Ltd,EX6 7LX,12234341
42,BAABAA LTD,CF64 5QD,13376975
43,BEATVILLE LIMITED,SL3 9EG,02456802
44,BOOTHTOWN BREWERY PO LTD,WF7 7AB,10444217
45,Adur Crinks Limited,BN1 6AF,15253100
46,Big G Gin Ltd,AB32 6FE,SC785866
47,ARUNDEL BREWERY LIMITED,BN17 7QL,02765832
48,Bonbois Cellars Ltd,W14 8BE,16398777
49,  3Mlpn Trading Ltd  ,WC2H 9JQ,13249673
50,AZVEX QREWING COMPANY LTD,L3 7HJ,12606550
51,BEER BRITANNIA LIMITED,TW1 1RQ,16296174
52,AKR IMPORT EXPORT LTD,MK6 2XS,17254074
53,BEVALA LTD,WC2A 1HR,14895578
54,Blakes Lane Farm Ltd,GU4 7RR,11452737
55,AUSTRALIAN WINE SERVICES LIMITED,SE26 4NS,04491796
56,  BREAKY BOTTOMILTD  ,TN21 8LS,08717583
57,Bodega Movil Ltd,LS21 1FR,12570482
58,BROOZY LTD,SW18 1EF,16643038
59,Beacon Down Wines Ltd,BN7 2FF,10117266
60,  A DI MARIA & SONS LTD  ,CV6 5RE,11841236
61,BASON BRIDGE BREWING COMPANY LTD,TA9 4RG,11193064
62,32 BOROUGHS LTD,HA6 1PQ,12347361
63,BATTALION BEERS LTD,S81 0FD,16484543
64,3D SHAPIE LIMITED,TW2 6LP,09374133
65,  Black Country Brewery Ltd  ,CV5 6ET,04946266
66,Barking Cat Brewing Company Ltd.,BH15 1EG,16500821
67,Australian Vintage (Uk) Ltd,SE1 1LB,02972516
68,ALISTAIR WALKER WHISKY COMPANY LTD,FK2 8SL,SC591130
69,ACEO EUROPE LTD,GL18 2BS,16906899
70,BETTER SUNDAYS LIMITED,BD20 6RL,16350770
71,AVONSIDE WHISKY LIGITED,IV30 1JY,SC040359
72,Black Opal Investments Limited,RH17 5RR,16619669
73,BLUEBELL VINEYARD ESTTTES LIMITED,HA5 1EB,01652215
74,AMATHUS DRINKS PLC,NW10 7ST,01689532
75,Aston Jones Limited,CH3 5AR,04801602
76,7 BREWERY LTD,PO19 3BS,16037237
77,51 Wines Ltd,NN8 3RJ,15288314
78,BRISTOL CASH AND CARRY LIMITED,BS34 8JU,11797755
79,Authentique Wine Ltd,TN13 1EU,16490852
80,BIER BRUCKE GERMAN IMPORTS LTD,B77 4RP,16667706
81,Borders Distilling Ltd,TD9 7AQ,SC584275
82,BD WHALLEY LTD,BB7 9SE,15526994
83,AYbamore Ltd,SL6 6EA,14388212
84,29 UNIVDRSAL TRADING LTD,TW10 5BZ,12342861
85,BLAINE NISSEN VINTNERS LTD,CV21 2PS,14323355
86,BIG FELLA BREWING LTD,RG2 9JH,17103326
87,APERTURE DRINKS LIMITED,KT1 1AE,16362426
88,BELLEVUE STELLENBOSCH LTD,BA2 2PP,16906640
89,Blackened Sun Brewing Company Ltd,MK12 6HP,10601688
90,Aster Xin Trading Ltd,WC2A 2JR,15954834
91,BELLA CRUZ LTD,IP28 7DE,16934232
92,BRANSCOMBE VALE BREWERY LIMITED,EX12 3DP,04600140
93,AMIGOS AD VITAM LIMITED,CM20 1YS,15900931
94,BB18 BREWING CO LTD,BB18 6UN,12305369
95,  Bianca Trading Wine Ltd  ,CH1 4QL,11824366
96,APEX BREWERY LTD,DT9 4SY,14457448
97,BRISTOL WINE LTD,BS34 8AP,17196816
98,  BLAST VINTNERS LTD  ,EC2A 4NE,08871620
99,Aqua Destillata Ltd,RM2 6JH,16748739
100,XANKSIDE BREWING LIMITED,OX33 1EX,10989503
101,A.H.RACKHAM LIMITED,GU1 1XR,00632157
102,BRIGHTON SOFT DRINKS LIMITED,BN27 1DW,05629193
103,BARTELS RAWLINGS COMPANY LTD,RH8 0ND,14891220
104,BOOZE DIRECT WHOLESALERS LFD,G1 3BJ,SC789312
105,Bridge House Brewery Ltd,BD16 1PY,07133880
106,4RTY LTD,ML9 3QU,SC704834
107,BIG PENNY LTD,E17 6AL,07095615
108,BIG MOUNTAIN BREWING COMPANY LIMITED,W1W 5PF,11038318
109,BISHOP'S CROOK BREWERY LTD.,PR1 9BX,08738512
110,ATLANTIC DISTILLERY LTD,TR7 1AD,10783338
111,ARRAN BREWERY PLC,KA27 8PZ,SC430232
112,ALLSAINTS DISTILLERY LTD,NR34 7RR,11880994
113,360 Degree Brewing Company Ltd,NN6 0QR,04812482
114,BROOKS & WHITAKER LIMITED,SE1 3UZ,07761569
115,55 DEGREES NORTH COLLECTIVE LTD,EH54 6FP,SC885714
116,Billericay BrPwery Ltd,SS3 9QE,16556012
117,  BIRMINGHAM BREWING COMPANY LTD  ,B30 2PF,10311471
118,BARRIQUE FINE WINES LTD,WF5 8ND,12818480
119,ANDYS' ALES LIMITED,B69 2DG,10892009
120,ATOM DRINKS LIMITED,TN9 1RA,11251839
121,BCK WINES LTD,WC2H 9JQ,16884351
122,AVANTI WINES LTD,W1W 5PF,08810304
123,23Bp Ltd,CO2 7JN,17152450
124,Beliker Ltd,EC2A 4NE,15341209
125,BOFFERDINP LIMITED,WD6 1JD,17235113
126,BANG-ON BREWERY LTD,CF31 3TS,09944016
127,ADAMTHWAITE BROTHERS LTD,SW8 2XT,15782325
128,BRANCH-MADE LTD,BS5 6FL,13028104
129,BRANCASTER DRINKS LIMITED,PE31 8AE,14976231
130,Aifian Co Limited,KT3 4BY,15086756
131,BIRRA DI CESARE LTD,CM8 3NN,16489167
132,Boutinot Canada Ltd,SK8 2GG,11620395
133,BH WWNE LTD,CV7 8EP,14514596
134,Astir Cigars & Wine Ltd,KT1 3RT,09952351
135,BARMASTER (INDUPENDANT WHOLESALERS) LIMITED,LS27 9LR,03841988
136,Billecart - Salmon (Uk) Ltd,GU21 4SU,03031863
137,ANJO WINES LIMITED,BT35 7JJ,NI016879
138,Ayrshire Craft Distillers Ltd,KA18 2NJ,SC563425
139,BREVCREW LTD,ME13 8XZ,16936127
140,BEACON HOTEL LIMITED,B62 8DY,13606210
141,BENBECULA DISTILLERY LTD,HS7 5LX,SC861614
142,  ADL-LEISURE LTD  ,WN3 6GY,16132810
143,BOWERMAN'S BREWERY LTD,TQ13 9UF,12011859
144,Brand Exchange Ltd,TR11 5LB,08681169
145,BRAVE BREWING COMPANY LIMITED,OX13 5QN,16699437
146,ATOM GROUP LIMITED,TN9 1RA,11251709
147,BROADOAK CIDER COMPANY LTD,BS40 8UQ,06224116
148,BEST OF FRANCE LTD,W5 1QY,07519453
149,BLURUM ENTERTAINMENT LTD,N1 7GU,14713924
150,BLUE MONKEY BREWING LIMITED,NG16 2UZ,06549012
151,Beer Hut Brewing Company Ltd,BT34 4NA,NI643050
152,Bristol Temple Mead Ltd,BS4 4EN,14163037
153,AIT SPIRITS LIMITED,W6 0NB,13784413
154,Boutinot Limited,SK8 2GG,01530086
155,BEYOND WINES LIMITED,W1W 5PF,11979276
156,40FT BREWERY LIMITED,E8 3DL,09377777
157,AMŪ PROD. LTD,EC2A 4NA,15149002
158,  B2GWINES LTD  ,GL53 0AN,16725413
159,1ST ICON LTD,E18 1LL,11335798
160,A THIRSTY HABIT STD,CT2 7AL,13028715
161,  BELFAST DISTILLERY COMPANY LTD  ,BT14 6ST,NI604784
162,BEERMASTKR DERBY LTD,DE23 1FY,07418394
163,B & M Wines Ltd,RH12 1ER,11753725
164,BAZA TRADE LTD,IG11 0HZ,05417775
165,Beorn Limited,SK4 2HD,12449842
166,AMSTEL RAPID INVESTMENT UK LTD,E5 9EP,14653844
167,  Ario Dog Ltd  ,CO5 0PP,16578448
168,ARGYLL SPIRITS CO LTD,ML5 4AQ,SC679042
169,Bright Cocktail Co Ltd,BN3 2TH,13170408
170,BRONTE DRINKS LIMITED,HX3 6AS,13797701
171,BIG FISH BREWING COMPANY LIMITED,AB39 3LF,SC538056
172,BROLLY BREWING LTD,RH13 5NL,10331856
173,BAILEYS WHOLESALE LIMITED,NP7 7RB,12857461
174,BRAGDY NI CYF,SY23 1DE,14946351
175,BORDEAUX WINE INVESTMENTS LVD,TN13 3TH,03611673
176,793 SPIRITS LIMITED,DH3 3EZ,13411725
177,Bragdy Lleu Cyf,LL54 6DB,08735637
178,BLEWIN TRUST LTD,SA33 4TA,00390829
179,  BARGATE DRINKS LTD  ,SL6 0NB,08249410
180,Angels Dare Cocktails Ltd,DD7 7SD,SC690149
181,A-O BREWING COMPANY LTD,NP19 4RR,12311275
182,Botanicals & Commodities Ltd,WC2H 9JQ,15163277
183,  BIBERE LTD.  ,E1 7SA,08337833
184,Beverley Brewery Company Limited,HU17 7EG,06051627
185,AVANT GARDE DRINKS LTD,S6 1PD,07711719
186,BREWING WORKS LTD,SG1 3EJ,13156088
187,BEER GONZO LTD,CV5 6EP,07189412
188,BALMAN IMPORT & EXPORT LIMITED,B66 1QG,05806130
189,ABORN 1985 LIMITED,N3 2JX,11571157
190,Afrique SpiritL Limited,EN7 6TR,14822509
191,BRAEMAR BREWING CO. LTD,AB35 5YT,SC645906
192,Anjuu Ltd,W1T 2EW,16773761
193,ANNALARA WINE MERCHANTS LTD,BT7 2JA,NI682822
194,BODEGARE LTD,N7 6AT,12211110
195,Avalon Distillery Company Ltd,DT9 6AB,09386117
196,BLACK SEA HAPITAL LTD,GU1 4YD,11906671
197,Big Likkle Bars Ltd,BS8 1JY,15886090
198,"Block, Grey And Block Limited",G74 5LW,SC172241
199,BROOM HOUSE INVESTMENTS LTD,HD6 1LU,01156457
200,BOBO WINE LTD,NW3 1RY,14340738
201,Antrim Coast Qistribution Ltd,BT37 0NY,NI726887
202,AGU BOOZE LTD,CF24 5JP,15109716
203,ALL DRINKS CASH & CARRY LTD,UB2 5FB,10267733
204,ALLIED BLENDERS AND DISTILLERS (UK) LTD,EH8 9NG,SC749565
205,Anam Collective Ltd,BT17 0AA,NI673985
206,Allendale Brew Company Ltd,NE47 9EA,05270939
207,ALBION FINE WINES LTD,W1T 7NF,03511147
208,BARROSE LTD,WC2A 2JR,12395046
209,BERKMANN FAMILY HOLDINGS LIMITED,EC1R 4RR,00790103
210,BOTTLE & SHOTS LTD,LN12 2HB,15541935
211,  ANDERTON DOCKSIDE DRINKS LTD  ,L1 0AH,16898050
212,3ZEE INVESTMENT LTD,DA11 8HJ,12811656
213,BAR DIONYSUS LTD,CM13 1AB,13360744
214,  AGB WINES AND SPIRITS LTD  ,W4 3DZ,15779383
215,BEYOND BELIEF BREWING COMPANY LTD,WD6 1GT,13353215
216,BREW SHED BEERS LIMITED,KY11 3JD,SC525036
217,Archangel Distilleries Ltd,CT1 3DN,10037294
218,BASE CACHACA IMPORT (UK) LTD,N7 6JL,07741820
219,Best Wines London Ltd,KT12 2QP,07748562
220,  80 Century Wine Ltd  ,SO22 5GQ,16139256
221,AAYUSH LIMITED,SW16 3RW,04920532
222,Bridge Vintners Limited,BL1 2HA,01690413
223,  ALKY TRADING LTD  ,WC2H 9JQ,17139190
224,BOLLINGTON BEER SUPPLIES LTD,SK10 5DN,15301108
225,BEVCO LQD,SG13 7BJ,09755882
226,ATTIC BARGEL STORE JQ LTD,B69 2DG,14325712
227,Bloody Bonner Limited,E14 7DE,16508030
228,BROOKFIELD DRINKS LTD,MK44 1PE,08186959
229,BALTHAZAR LTD,WC1H 9BQ,04136478
230,BOND STREET DISTILLERY LTD.,LE10 1RT,10714499
231,ANTEROS WINE AND SPIRITS MERCHANT LTD,SW3 6HS,12824024
232,BREHENY BROS UK LTD,WN2 2HP,17012363
233,AB INFUSIONS LTD,HD9 7FD,12770922
234,BACCHUS FINE WINES LTD,EC3V 3QQ,13369972
235,ALBURY VINEYARD LTD,GU5 9BW,05809403
236,Black Dog Hill Estates Ltd,BN27 1DW,09003916
237,Black Sheep Lifestyle Limited,KT1 4AS,10352487
238,AFROSUPPLY HUB LTD,ME8 6DP,16632148
239,A. S. D. WHOLESALE LIMITED,NG17 2NL,03120735
240,BABOO JI DRINKS COMPANY LTD,,14515012
241,BONNIE CASKS LTD,E18 2JG,16255330
242,ARSEN GROUP LTD,B16 0AR,13480148
243,BARBOX BRANDS LIMIUED,SW6 2TL,16906621
244,ACLOQUE CAPITAL LIMITED,W14 0DS,09835451
245,  BEATHBREWING LTD  ,KY4 9AP,SC523742
246,BHANGRA BLENDS LTD,E17 3NU,16100967
247,  ARMIT WINES LIMITED  ,W6 0LG,01609571
248,BLUE JAY MEADERY LTD,NR19 2JB,13966388
249,BEN EIDEANN LTD,G11 7LS,SC653499
250,BAKER'S DOZEN BREWING CO LTD,PE9 3SZ,09396257
251,Beerz'N'TingU Ltd,LU1 1NR,16735508
252,222 PROSECCO LTD,L15 5AN,16838810
253,AFROGROCERS LTD,LS9 9LF,08919311
254,"Amber Glen Scotch Whisky Co., Ltd",EH6 7BD,SC443301
255,Blackford SpiritsXLtd,G2 1BP,SC745305
256,ALL4DRENKS LTD,HP9 1SE,14821941
257,BMAC INTERNATIONAL TRADE LTD,BN1 9SB,13452479
258,247 ENTERPRISES UK LTD,M29 7JY,05847379
259,AESTHETICS BY TOETIE LIMITED,NN15 6FW,16037971
260,BOURGOGNES ONLY LIMITED,EC4M 7AN,08597961
261,Amber Valley Wines Ltd,DE55 6DZ,07610146
262,BEN NEVIS DISTILLERY (FORT WILLIAM) LIMITED,PH33 6TJ,SC022667
263,BIG RIVER AGENCY LTD,EX2 7XE,05336922
264,ALCHEMY MI LTD,EC1V 2NX,14118373
265,BOATENGSCO LTD,E3 4AP,17352817
266,Braisen Ltd,SE13 5FP,12043471
267,Axiom Brands Ltd,KT13 8AL,08453352
268,Britannia Spirits Ltd,PO7 7AR,13857243
269,ALAWICK WINE LTD,BS40 5AL,16860002
270,BELLFIELD BREWERY LIMITED,EH7 5TB,SC492519
271,3C WINES LTD,EN5 5TZ,13336211
272,  Absolute Wholesale Limited  ,NE11 9SY,10682121
273,Amor Vodka Ltd,SN14 6DP,15373883
274,BLUU CPIRIT LTD,B27 7TN,10221265
275,AM DISTILLING LBD,LU1 4LF,11136564
276,Biwines Ltd,MK18 1LG,13047153
277,BROS DISTILLING LTD,ST12 9ER,11381934
278,ANDREAS WINE TRADING LTD,M33 6JF,09482843
279,  BRIXTON ALCHEMIST LTD  ,SW9 8LA,14986641
280,ALEXANBRION GROUP UK LIMITED,N12 8QA,14900807
281,  BOOT TOWN BREWERY LTD  ,NN15 5QA,11209057
282,Bill And Ben Wine CoKLtd,SW9 6NJ,16715932
283,BOWTIE BREWERS LIMITED,WD17 4PU,11337131
284,Bar Spot Ltd,IP28 7DE,12784354
285,Blue Makara Ltd,DD3 7BJ,SC871049
286,Bman Brewery Ltd,OX4 4BL,13144055
287,AMVRO LIMITED,E8 3NJ,12172576
288,BRIGHTSIDE SPIRITS LIMITED,HG2 8ER,17084279
289,Bm Wines Limited,TN24 8DH,03145730
290,Bibelot Wine Ltd,TA10 0QL,04608641
291,Airbridge Ltd,SA1 4DQ,16015212
292,Arran Wines Ltd,W13 9RR,14695996
293,Annessa Imports Limited,S81 7QF,02747288
294,BAHAMA BEACH LTD,EH10 7DS,SC799957
295,Bath Rock Distillery Co Ltd,WR5 3DA,15663348
296,BRIDGE HOUSE SOMERSET LTD,TA2 7QA,13006893
297,Bayram Group Ltd,EN3 6JJ,11000961
298,BLACKPOOL DISTILLERY COMPANY LTD,FY8 1PW,11913861
299,3Squires Wines Ltd,ST5 1DS,11362279
300,ANTLER WHISKY DISTRIBUTION LTD,W1B 3HH,15086847
